[
    {
      "序號": 1,
      "地區別": "北部",
      "縣市": "宜蘭縣",
      "觀光工廠名稱": "一米特創藝美食館",
      "地址": "宜蘭縣蘇澳鎮祥和路199號",
      "觀光工廠預約電話": "03-9907779#500",
      "網址": "www.onemit.com.tw/"
    },
    {
      "序號": 2,
      "地區別": "北部",
      "縣市": "宜蘭縣",
      "觀光工廠名稱": "台灣足鞋健康知識館",
      "地址": "宜蘭縣五結鄉中興村中里路18號",
      "觀光工廠預約電話": "03-9500551#501",
      "網址": "www.drfoot.com.tw"
    },
    {
      "序號": 3,
      "地區別": "北部",
      "縣市": "宜蘭縣",
      "觀光工廠名稱": "安永心食館",
      "地址": "宜蘭縣蘇澳鎮中山路二段415號",
      "觀光工廠預約電話": "03-9953399",
      "網址": "www.anyomuseum.com/"
    },
    {
      "序號": 4,
      "地區別": "北部",
      "縣市": "宜蘭縣",
      "觀光工廠名稱": "亞典蛋糕密碼館",
      "地址": "宜蘭縣宜蘭市梅洲二路122號",
      "觀光工廠預約電話": "03-9286777",
      "網址": "www.rden.com.tw"
    },
    {
      "序號": 5,
      "地區別": "北部",
      "縣市": "宜蘭縣",
      "觀光工廠名稱": "宜蘭餅發明館",
      "地址": "宜蘭縣蘇澳鎮海山西路369號",
      "觀光工廠預約電話": "03-9905999",
      "網址": "www.diy-icake.com.tw"
    },
    {
      "序號": 6,
      "地區別": "北部",
      "縣市": "宜蘭縣",
      "觀光工廠名稱": "金車噶瑪蘭威士忌酒廠",
      "地址": "宜蘭縣員山鄉員山路二段326號",
      "觀光工廠預約電話": "03-9229000#1104",
      "網址": "www.kavalanshisky.com"
    },
    {
      "序號": 7,
      "地區別": "北部",
      "縣市": "宜蘭縣",
      "觀光工廠名稱": "博士鴨觀光工廠",
      "地址": "宜蘭縣五結鄉福興村新五路1-1號",
      "觀光工廠預約電話": "03-9606051",
      "網址": "www.dr-duck.com.tw/"
    },
    {
      "序號": 8,
      "地區別": "北部",
      "縣市": "宜蘭縣",
      "觀光工廠名稱": "菌寶貝博物館",
      "地址": "宜蘭縣宜蘭市梅洲一路22號",
      "觀光工廠預約電話": "03-9281168",
      "網址": "www.bio-nin.com.tw"
    },
    {
      "序號": 9,
      "地區別": "北部",
      "縣市": "宜蘭縣",
      "觀光工廠名稱": "綺麗博物館",
      "地址": "宜蘭縣蘇澳鎮利工一路一段6號",
      "觀光工廠預約電話": "03-9905388",
      "網址": "tw.cljewels.com/index_down.php"
    },
    {
      "序號": 10,
      "地區別": "北部",
      "縣市": "宜蘭縣",
      "觀光工廠名稱": "臺灣菸酒股份有限公司宜蘭酒廠觀光工廠",
      "地址": "宜蘭縣宜蘭市舊城西路3號",
      "觀光工廠預約電話": "03-9355526#461",
      "網址": "event.ttl-eshop.com.tw/yl/"
    },
    {
      "序號": 11,
      "地區別": "北部",
      "縣市": "宜蘭縣",
      "觀光工廠名稱": "蜡藝蜡筆城堡",
      "地址": "宜蘭縣蘇澳鎮海山西路500號",
      "觀光工廠預約電話": "03-9907101",
      "網址": "www.lucky-art.com.tw"
    },
    {
      "序號": 12,
      "地區別": "北部",
      "縣市": "宜蘭縣",
      "觀光工廠名稱": "橘之鄉蜜餞觀光工廠",
      "地址": "宜蘭縣宜蘭市梅洲二路33號",
      "觀光工廠預約電話": "03-9285758",
      "網址": "www.agrioz.com.tw"
    },
    {
      "序號": 13,
      "地區別": "北部",
      "縣市": "基隆市",
      "觀光工廠名稱": "一太e衛浴觀光工廠",
      "地址": "基隆市安樂區大武崙工業區武訓街51號",
      "觀光工廠預約電話": "02-24342111#503",
      "網址": "www.itai.com.tw"
    },
    {
      "序號": 14,
      "地區別": "北部",
      "縣市": "新北市",
      "觀光工廠名稱": "大黑松小倆口牛軋糖創意博物館",
      "地址": "新北市土城區自強街31之2號",
      "觀光工廠預約電話": "02-22687222#111",
      "網址": "www.9420.com.tw"
    },
    {
      "序號": 15,
      "地區別": "北部",
      "縣市": "新北市",
      "觀光工廠名稱": "工研益壽多文化館",
      "地址": "新北市淡水區行忠路168號",
      "觀光工廠預約電話": "02-27781981",
      "網址": "www.kongyen.com.tw"
    },
    {
      "序號": 16,
      "地區別": "北部",
      "縣市": "新北市",
      "觀光工廠名稱": "手信坊創意和?子文化館",
      "地址": "新北市土城區國際路55號",
      "觀光工廠預約電話": "02-82620506",
      "網址": "www.3ssf.com.tw/factory/index.html"
    },
    {
      "序號": 17,
      "地區別": "北部",
      "縣市": "新北市",
      "觀光工廠名稱": "王子創意文具國",
      "地址": "新北市林口區粉寮路一段86號",
      "觀光工廠預約電話": "02-25783927",
      "網址": "www.princecst.com.tw"
    },
    {
      "序號": 18,
      "地區別": "北部",
      "縣市": "新北市",
      "觀光工廠名稱": "王鼎時間科藝體驗館",
      "地址": "新北市土城區大暖路136號",
      "觀光工廠預約電話": "02-22682999",
      "網址": "www.atopwatch.com/factory/"
    },
    {
      "序號": 19,
      "地區別": "北部",
      "縣市": "新北市",
      "觀光工廠名稱": "台灣不二衛生套知識館",
      "地址": "新北市淡水區行忠路132號",
      "觀光工廠預約電話": "02-37655005",
      "網址": "www.fulex.com.tw/center/index.html"
    },
    {
      "序號": 20,
      "地區別": "北部",
      "縣市": "新北市",
      "觀光工廠名稱": "玉美人孕婦裝觀光工廠",
      "地址": "新北市板橋區四川路２段16巷10號5樓",
      "觀光工廠預約電話": "02-89669762#13",
      "網址": "www.ymr.com.tw"
    },
    {
      "序號": 21,
      "地區別": "北部",
      "縣市": "新北市",
      "觀光工廠名稱": "吳福洋襪子故事館",
      "地址": "新北市林口區工二工業區工九路3號",
      "觀光工廠預約電話": "02-26035008",
      "網址": "www.wufuyang.com"
    },
    {
      "序號": 22,
      "地區別": "北部",
      "縣市": "新北市",
      "觀光工廠名稱": "宏洲磁磚觀光工廠",
      "地址": "新北市鶯歌區中正三路230巷16號",
      "觀光工廠預約電話": "02-86782788",
      "網址": "www.hjtilemuseum.com.tw"
    },
    {
      "序號": 23,
      "地區別": "北部",
      "縣市": "新北市",
      "觀光工廠名稱": "亞洛美精靈國度 AROMATE WONDERLAND",
      "地址": "新北市鶯歌區中正三路156巷59號",
      "觀光工廠預約電話": "02-26772170",
      "網址": "www.aromate-w.com/index.html"
    },
    {
      "序號": 24,
      "地區別": "北部",
      "縣市": "新北市",
      "觀光工廠名稱": "茶山房肥皂文化體驗館",
      "地址": "新北市三峽區白雞64之11號",
      "觀光工廠預約電話": "02-26714400",
      "網址": "www.teasoap.com.tw"
    },
    {
      "序號": 25,
      "地區別": "北部",
      "縣市": "新北市",
      "觀光工廠名稱": "許新旺陶瓷紀念博物館",
      "地址": "新北市鶯歌區尖山埔路81號",
      "觀光工廠預約電話": "02-26789571",
      "網址": "www.shus.com.tw"
    },
    {
      "序號": 26,
      "地區別": "北部",
      "縣市": "新北市",
      "觀光工廠名稱": "連淨綠色科技概念館",
      "地址": "新北市新店區寶興路45巷9弄2號",
      "觀光工廠預約電話": "0800-585598",
      "網址": "www.aconpure.com/en/index.php/tourism-factory2"
    },
    {
      "序號": 27,
      "地區別": "北部",
      "縣市": "新北市",
      "觀光工廠名稱": "聖瑪莉丹麥麵包莊園",
      "地址": "新北市土城區中山路21號",
      "觀光工廠預約電話": "02-22689600",
      "網址": "www.sunmerry.com.tw/garden/"
    },
    {
      "序號": 28,
      "地區別": "北部",
      "縣市": "新北市",
      "觀光工廠名稱": "維格餅家 鳳梨酥夢工場",
      "地址": "新北市五股區成泰路一段87號",
      "觀光工廠預約電話": "02-22919122",
      "網址": "www.taiwan-vigor.com.tw"
    },
    {
      "序號": 29,
      "地區別": "北部",
      "縣市": "桃園市",
      "觀光工廠名稱": "GFun機能服飾紡織生活館",
      "地址": "桃園市觀音區樹林里工業六路3號",
      "觀光工廠預約電話": "0800-038838",
      "網址": "www.gfun.com.tw/"
    },
    {
      "序號": 30,
      "地區別": "北部",
      "縣市": "桃園市",
      "觀光工廠名稱": "大溪老茶廠",
      "地址": "桃園市大溪區復興路二段732巷80號",
      "觀光工廠預約電話": "03-3825089",
      "網址": "www.daxitea.com"
    },
    {
      "序號": 31,
      "地區別": "北部",
      "縣市": "桃園市",
      "觀光工廠名稱": "太平洋自行車博物館",
      "地址": "桃園市新屋區永安里永福路686號",
      "觀光工廠預約電話": "03-4861231#312",
      "網址": "www.pacificcyclesmuseum.com/"
    },
    {
      "序號": 32,
      "地區別": "北部",
      "縣市": "桃園市",
      "觀光工廠名稱": "卡司．蒂菈樂園",
      "地址": "桃園市蘆竹區宏竹村大竹北路90-66號",
      "觀光工廠預約電話": "03-2551999",
      "網址": "www.castella-land.com.tw/"
    },
    {
      "序號": 33,
      "地區別": "北部",
      "縣市": "桃園市",
      "觀光工廠名稱": "巧克力共和國",
      "地址": "桃園市八德區介壽路二段巧克力街底(巧克力共和國",
      "觀光工廠預約電話": "03-3656555#777",
      "網址": "www.republicofchocolate.com.tw/index.aspx"
    },
    {
      "序號": 34,
      "地區別": "北部",
      "縣市": "桃園市",
      "觀光工廠名稱": "江記豆腐乳文化館",
      "地址": "桃園市中壢區月眉路2段248巷85號",
      "觀光工廠預約電話": "03-4986018",
      "網址": "www.xpl.com.tw"
    },
    {
      "序號": 35,
      "地區別": "北部",
      "縣市": "桃園市",
      "觀光工廠名稱": "老K舒眠文化館",
      "地址": "桃園市新屋區梅高路３段97號",
      "觀光工廠預約電話": "03-4205050",
      "網址": "www.kingbedhaha.com.tw"
    },
    {
      "序號": 36,
      "地區別": "北部",
      "縣市": "桃園市",
      "觀光工廠名稱": "東和音樂體驗館",
      "地址": "桃園市大溪區信義路226號",
      "觀光工廠預約電話": "03-3882215#210",
      "網址": "www.music4fun.com.tw"
    },
    {
      "序號": 37,
      "地區別": "北部",
      "縣市": "桃園市",
      "觀光工廠名稱": "南僑桃園觀光體驗工廠",
      "地址": "桃園市龜山區興邦路35號",
      "觀光工廠預約電話": "03-2630264",
      "網址": "www.namchow.com.tw"
    },
    {
      "序號": 38,
      "地區別": "北部",
      "縣市": "桃園市",
      "觀光工廠名稱": "祥儀機器人夢工廠  未來館",
      "地址": "桃園市桃園區桃鶯路461號",
      "觀光工廠預約電話": "03-3623452",
      "網址": "robot.shayangye.com/"
    },
    {
      "序號": 39,
      "地區別": "北部",
      "縣市": "桃園市",
      "觀光工廠名稱": "蛋寶生技不老村",
      "地址": "桃園市平鎮區金陵路三段105號",
      "觀光工廠預約電話": "0800-655600",
      "網址": "www.tntbio.com/"
    },
    {
      "序號": 40,
      "地區別": "北部",
      "縣市": "桃園市",
      "觀光工廠名稱": "郭元益糕餅博物館",
      "地址": "桃園市楊梅區幼獅工業區青年路9巷1號",
      "觀光工廠預約電話": "03-4962201#1",
      "網址": "www.kuos.com/museum/"
    },
    {
      "序號": 41,
      "地區別": "北部",
      "縣市": "桃園市",
      "觀光工廠名稱": "雅聞魅力博覽館",
      "地址": "桃園市楊梅區中山北路1段21巷1號",
      "觀光工廠預約電話": "03-4883800",
      "網址": "www.arwin.com.tw"
    },
    {
      "序號": 42,
      "地區別": "北部",
      "縣市": "桃園市",
      "觀光工廠名稱": "源友咖啡文化園區",
      "地址": "桃園市平鎮區工業五路8號",
      "觀光工廠預約電話": "03-4697387#1032",
      "網址": "alphastore.iwopop.com/page57"
    },
    {
      "序號": 43,
      "地區別": "北部",
      "縣市": "桃園市",
      "觀光工廠名稱": "義美生產‧生態‧生活廠區",
      "地址": "桃園市蘆竹區南工路一段11號",
      "觀光工廠預約電話": "03-3117525",
      "網址": "www.imeifoods.com.tw"
    },
    {
      "序號": 44,
      "地區別": "北部",
      "縣市": "桃園市",
      "觀光工廠名稱": "葡萄王健康活力能量館",
      "地址": "桃園市平鎮區金陵路二段402號",
      "觀光工廠預約電話": "03-4572121",
      "網址": "www.grapeking.com.tw"
    },
    {
      "序號": 45,
      "地區別": "北部",
      "縣市": "桃園市",
      "觀光工廠名稱": "臺灣菸酒(股)公司桃園觀光酒廠",
      "地址": "桃園市龜山區文化一路55號",
      "觀光工廠預約電話": "03-3283001#340",
      "網址": "event.ttl-eshop.com.tw/lk/"
    },
    {
      "序號": 46,
      "地區別": "北部",
      "縣市": "新竹市",
      "觀光工廠名稱": "春池綠能玻璃觀光工廠",
      "地址": "新竹市香山區牛埔南路372號",
      "觀光工廠預約電話": "03-5389165",
      "網址": "www.hcspg.com.tw"
    },
    {
      "序號": 47,
      "地區別": "北部",
      "縣市": "新竹縣",
      "觀光工廠名稱": "濟生Beauty兩岸觀光生醫美學健康館",
      "地址": "新竹縣湖口鄉新竹工業區實踐路3號",
      "觀光工廠預約電話": "0800-213568",
      "網址": "www.cscp.com.tw"
    },
    {
      "序號": 48,
      "地區別": "中部",
      "縣市": "苗栗縣",
      "觀光工廠名稱": "四方鮮乳酪故事館",
      "地址": "苗栗縣竹南鎮大厝里九鄰大厝59之12號",
      "觀光工廠預約電話": "037-472609",
      "網址": "www.fourways.com.tw"
    },
    {
      "序號": 49,
      "地區別": "中部",
      "縣市": "苗栗縣",
      "觀光工廠名稱": "立康健康養生觀光工廠",
      "地址": "苗栗縣頭份市蘆竹里工業路55號",
      "觀光工廠預約電話": "037-629888",
      "網址": "www.likang.com.tw"
    },
    {
      "序號": 50,
      "地區別": "中部",
      "縣市": "苗栗縣",
      "觀光工廠名稱": "竹南啤酒觀光工廠",
      "地址": "苗栗縣竹南鎮崎頂里15鄰和興路345號",
      "觀光工廠預約電話": "037-583001#700",
      "網址": "event.ttl-eshop.com.tw/jn/"
    },
    {
      "序號": 51,
      "地區別": "中部",
      "縣市": "苗栗縣",
      "觀光工廠名稱": "冠軍綠概念館",
      "地址": "苗栗縣造橋鄉豐湖村一鄰乳姑山2號",
      "觀光工廠預約電話": "037-583775#1322",
      "網址": "www.champion.com.tw"
    },
    {
      "序號": 52,
      "地區別": "中部",
      "縣市": "苗栗縣",
      "觀光工廠名稱": "雅聞七里香玫瑰森林",
      "地址": "苗栗縣頭屋鄉明德村明德路226號",
      "觀光工廠預約電話": "037-256588",
      "網址": "www.arwin.com.tw"
    },
    {
      "序號": 53,
      "地區別": "中部",
      "縣市": "苗栗縣",
      "觀光工廠名稱": "臺鹽通霄觀光園區",
      "地址": "苗栗縣通霄鎮內島里122號",
      "觀光工廠預約電話": "037-792121#825",
      "網址": "tesf.tybio.com.tw/"
    },
    {
      "序號": 54,
      "地區別": "中部",
      "縣市": "苗栗縣",
      "觀光工廠名稱": "裕隆車之道體驗中心",
      "地址": "苗栗縣三義鄉西湖村伯公坑39之1號",
      "觀光工廠預約電話": "037871801＃2888",
      "網址": "tour.yulon-motor.com.tw"
    },
    {
      "序號": 55,
      "地區別": "中部",
      "縣市": "台中市",
      "觀光工廠名稱": "台灣味噌釀造文化館",
      "地址": "台中市豐原區三村里西勢路701號",
      "觀光工廠預約電話": "04-25320279",
      "網址": "www.weijung.com"
    },
    {
      "序號": 56,
      "地區別": "中部",
      "縣市": "台中市",
      "觀光工廠名稱": "台灣氣球博物館",
      "地址": "台中市神岡區大豐路5段505號",
      "觀光工廠預約電話": "04-25284525",
      "網址": "www.prolloon.com.tw"
    },
    {
      "序號": 57,
      "地區別": "中部",
      "縣市": "台中市",
      "觀光工廠名稱": "阿聰師芋頭文化館",
      "地址": "台中市大安區福興里興安路168號",
      "觀光工廠預約電話": "04-26713077",
      "網址": "www.o-nongs.com.tw"
    },
    {
      "序號": 58,
      "地區別": "中部",
      "縣市": "台中市",
      "觀光工廠名稱": "烏日啤酒觀光工廠",
      "地址": "台中市烏日區光華街1號",
      "觀光工廠預約電話": "04-23381216",
      "網址": "event.ttl-eshop.com.tw/wz/index.aspx"
    },
    {
      "序號": 59,
      "地區別": "中部",
      "縣市": "台中市",
      "觀光工廠名稱": "張連昌薩克斯風博物館",
      "地址": "台中市后里區公安路330之1號",
      "觀光工廠預約電話": "04-25562363",
      "網址": "www.sax.org.tw"
    },
    {
      "序號": 60,
      "地區別": "中部",
      "縣市": "台中市",
      "觀光工廠名稱": "臺灣印刷探索館",
      "地址": "台中市大里區中興路一段288號",
      "觀光工廠預約電話": "04-24951001",
      "網址": "twin.ppmof.gov.tw"
    },
    {
      "序號": 61,
      "地區別": "中部",
      "縣市": "台中市",
      "觀光工廠名稱": "臺灣菸酒股份有限公司臺中觀光酒廠",
      "地址": "台中市西屯區協和里工業28路2號",
      "觀光工廠預約電話": "04-23501318#431",
      "網址": "event.ttl-eshop.com.tw/tc"
    },
    {
      "序號": 62,
      "地區別": "中部",
      "縣市": "台中市",
      "觀光工廠名稱": "鞋寶觀光工廠",
      "地址": "台中市西屯區工業區8路11號",
      "觀光工廠預約電話": "04-23505773",
      "網址": "shoeswonderland.bestmotion.com"
    },
    {
      "序號": 63,
      "地區別": "中部",
      "縣市": "台中市",
      "觀光工廠名稱": "寶熊漁樂館",
      "地址": "台中市潭子區中山路三段11號",
      "觀光工廠預約電話": "04-35013338",
      "網址": "www.okumamuseum.com.tw"
    },
    {
      "序號": 64,
      "地區別": "中部",
      "縣市": "彰化縣",
      "觀光工廠名稱": "水銡利廚衛生活村",
      "地址": "彰化縣秀水鄉下崙村育民巷2號",
      "觀光工廠預約電話": "04-7682712",
      "網址": "mizuworld.com.tw"
    },
    {
      "序號": 65,
      "地區別": "中部",
      "縣市": "彰化縣",
      "觀光工廠名稱": "台塑生醫健康悠活館",
      "地址": "彰化縣彰化市中山路三段359號",
      "觀光工廠預約電話": "04-7236101#371",
      "網址": "www.fbyoho.com.tw"
    },
    {
      "序號": 66,
      "地區別": "中部",
      "縣市": "彰化縣",
      "觀光工廠名稱": "台灣手套博物館",
      "地址": "彰化縣社頭鄉織襪一路8號",
      "觀光工廠預約電話": "04-8313551",
      "網址": "www.good-hand.com.tw/"
    },
    {
      "序號": 67,
      "地區別": "中部",
      "縣市": "彰化縣",
      "觀光工廠名稱": "台灣玻璃館",
      "地址": "彰化縣鹿港鎮鹿工南四路30號",
      "觀光工廠預約電話": "04-7811299#266",
      "網址": "www.timingjump.com.tw"
    },
    {
      "序號": 68,
      "地區別": "中部",
      "縣市": "彰化縣",
      "觀光工廠名稱": "台灣穀堡",
      "地址": "彰化縣埤頭鄉彰水路二段526號",
      "觀光工廠預約電話": "04-8926088",
      "網址": "www.ricecastle.com.tw"
    },
    {
      "序號": 69,
      "地區別": "中部",
      "縣市": "彰化縣",
      "觀光工廠名稱": "台灣優格餅乾學院",
      "地址": "彰化縣線西鄉草豐路501巷5號",
      "觀光工廠預約電話": "04-7589501",
      "網址": "schoolofcookie.blogspot.tw/"
    },
    {
      "序號": 70,
      "地區別": "中部",
      "縣市": "彰化縣",
      "觀光工廠名稱": "白蘭氏健康博物館",
      "地址": "彰化縣鹿港鎮彰濱工業區鹿工路18號",
      "觀光工廠預約電話": "04-7810077",
      "網址": "www.brands.com.tw/museum/index.html"
    },
    {
      "序號": 71,
      "地區別": "中部",
      "縣市": "彰化縣",
      "觀光工廠名稱": "卷木森活館",
      "地址": "彰化縣鹿港鎮工業東三路6號",
      "觀光工廠預約電話": "04-7812018",
      "網址": "jw-garden.com.tw"
    },
    {
      "序號": 72,
      "地區別": "中部",
      "縣市": "彰化縣",
      "觀光工廠名稱": "華新MASK創意生活館",
      "地址": "彰化縣田中鎮中州路2段751號",
      "觀光工廠預約電話": "04-8761226",
      "網址": "www.motexmask.com"
    },
    {
      "序號": 73,
      "地區別": "中部",
      "縣市": "彰化縣",
      "觀光工廠名稱": "愛玩色創意館",
      "地址": "彰化縣北斗鎮中寮里三號路296號",
      "觀光工廠預約電話": "04-8886016",
      "網址": "colortaiwan.com.tw"
    },
    {
      "序號": 74,
      "地區別": "中部",
      "縣市": "彰化縣",
      "觀光工廠名稱": "樂活襪之鄉博物館",
      "地址": "彰化縣社頭鄉社石路559號",
      "觀光工廠預約電話": "04-8720522",
      "網址": "www.loho.com.tw"
    },
    {
      "序號": 75,
      "地區別": "中部",
      "縣市": "彰化縣",
      "觀光工廠名稱": "緞帶王觀光工廠",
      "地址": "彰化縣鹿港鎮鹿工路15號",
      "觀光工廠預約電話": "04-7813366",
      "網址": "www.ribbon888.com"
    },
    {
      "序號": 76,
      "地區別": "中部",
      "縣市": "彰化縣",
      "觀光工廠名稱": "興麥蛋捲烘焙王國",
      "地址": "彰化縣線西鄉和線路741巷5號",
      "觀光工廠預約電話": "04-7588389",
      "網址": "www.ximai.com.tw"
    },
    {
      "序號": 77,
      "地區別": "中部",
      "縣市": "彰化縣",
      "觀光工廠名稱": "襪仔王觀光工廠",
      "地址": "彰化縣田中鎮頂潭里員集路3段440巷16弄1號",
      "觀光工廠預約電話": "04-8749909",
      "網址": "www.soxlink.com.tw/soxking/"
    },
    {
      "序號": 78,
      "地區別": "中部",
      "縣市": "南投縣",
      "觀光工廠名稱": "Jijibanana集元果觀光工廠",
      "地址": "南投縣集集鎮富山里5鄰大坪巷38號",
      "觀光工廠預約電話": "049-2764562",
      "網址": "www.jijibanana.net"
    },
    {
      "序號": 79,
      "地區別": "中部",
      "縣市": "南投縣",
      "觀光工廠名稱": "水里蛇窯陶藝文化園區",
      "地址": "南投縣水里鄉頂崁村水信路一段512巷21號",
      "觀光工廠預約電話": "049-2770967",
      "網址": "www.snakekiln.com.tw"
    },
    {
      "序號": 80,
      "地區別": "中部",
      "縣市": "南投縣",
      "觀光工廠名稱": "台灣麻糬主題?",
      "地址": "南投縣南投市自強三路3號",
      "觀光工廠預約電話": "049-2261123",
      "網址": "www.taiwanmochi.com.tw/"
    },
    {
      "序號": 81,
      "地區別": "中部",
      "縣市": "南投縣",
      "觀光工廠名稱": "光遠燈籠觀光工廠",
      "地址": "南投縣竹山鎮延平二路11號",
      "觀光工廠預約電話": "049-2642394",
      "網址": "www.ever-shine.com.tw"
    },
    {
      "序號": 82,
      "地區別": "中部",
      "縣市": "南投縣",
      "觀光工廠名稱": "妮娜巧克力夢想城堡",
      "地址": "南投縣埔里鎮桃米32號",
      "觀光工廠預約電話": "049-2919528",
      "網址": "www.conas.com.tw"
    },
    {
      "序號": 83,
      "地區別": "中部",
      "縣市": "南投縣",
      "觀光工廠名稱": "旺根城-藏傘閣觀光工廠",
      "地址": "南投縣竹山鎮延平路10號",
      "觀光工廠預約電話": "049-2643411",
      "網址": "www.outlooking.com.tw"
    },
    {
      "序號": 84,
      "地區別": "中部",
      "縣市": "南投縣",
      "觀光工廠名稱": "果寶歡酵觀光工廠 GuoBAO",
      "地址": "南投縣埔里鎮珠格里下湳巷15號",
      "觀光工廠預約電話": "049-299-1207",
      "網址": "www.twfruit.com.tw"
    },
    {
      "序號": 85,
      "地區別": "中部",
      "縣市": "南投縣",
      "觀光工廠名稱": "采棉居寢飾文化?",
      "地址": "南投縣竹山鎮延平一路12號",
      "觀光工廠預約電話": "049-2642166",
      "網址": "www.cheauwei.com.tw"
    },
    {
      "序號": 86,
      "地區別": "中部",
      "縣市": "南投縣",
      "觀光工廠名稱": "香里活力豬品牌文化館",
      "地址": "南投縣南投市南崗工業區仁和路3號",
      "觀光工廠預約電話": "049-2259999#204",
      "網址": "www.shanglee.com.tw"
    },
    {
      "序號": 87,
      "地區別": "中部",
      "縣市": "南投縣",
      "觀光工廠名稱": "造紙龍手創館",
      "地址": "南投縣埔里鎮溪南里隆生路118-2號",
      "觀光工廠預約電話": "049-2902989",
      "網址": "www.pulipaper.com/diy/"
    },
    {
      "序號": 88,
      "地區別": "中部",
      "縣市": "南投縣",
      "觀光工廠名稱": "遊山茶訪",
      "地址": "南投縣竹山鎮延平路19號",
      "觀光工廠預約電話": "049-2643919",
      "網址": "www.yoshantea.com"
    },
    {
      "序號": 89,
      "地區別": "中部",
      "縣市": "南投縣",
      "觀光工廠名稱": "臺灣菸酒股份有限公司南投觀光酒廠",
      "地址": "南投市軍功里東山路82號",
      "觀光工廠預約電話": "049-2234171",
      "網址": "event.ttl-eshop.com.tw/nt/"
    },
    {
      "序號": 90,
      "地區別": "中部",
      "縣市": "南投縣",
      "觀光工廠名稱": "臺灣菸酒股份有限公司埔里觀光酒廠",
      "地址": "南投縣埔里鎮中山路三段219號",
      "觀光工廠預約電話": "049-2984006#456",
      "網址": "event.ttl-eshop.com.tw/pl/"
    },
    {
      "序號": 91,
      "地區別": "中部",
      "縣市": "南投縣",
      "觀光工廠名稱": "廣興紙寮",
      "地址": "南投縣埔里鎮鐵山里鐵山路310號",
      "觀光工廠預約電話": "049-2913037",
      "網址": "www.taiwanpaper.com.tw"
    },
    {
      "序號": 92,
      "地區別": "中部",
      "縣市": "雲林縣",
      "觀光工廠名稱": "丸莊醬油觀光工廠",
      "地址": "雲林縣西螺鎮延平路25號",
      "觀光工廠預約電話": "05-5863666",
      "網址": "www.wuanchuang.com.tw"
    },
    {
      "序號": 93,
      "地區別": "中部",
      "縣市": "雲林縣",
      "觀光工廠名稱": "大同醬油黑金釀造館",
      "地址": "雲林縣斗六市斗工二路39號",
      "觀光工廠預約電話": "05-5576899",
      "網址": "www.wretch.cc/blog/tatung1911"
    },
    {
      "序號": 94,
      "地區別": "中部",
      "縣市": "雲林縣",
      "觀光工廠名稱": "台灣鯛生態創意園區",
      "地址": "雲林縣口湖鄉崙東村民生路1-88號",
      "觀光工廠預約電話": "05-7993996",
      "網址": "www.kf-fish.com/tw/subweb2/index.html"
    },
    {
      "序號": 95,
      "地區別": "中部",
      "縣市": "雲林縣",
      "觀光工廠名稱": "良作工場農業文創館",
      "地址": "雲林縣大埤鄉豐田路57號",
      "觀光工廠預約電話": "05-5529586",
      "網址": "www.nextland.com.tw"
    },
    {
      "序號": 96,
      "地區別": "中部",
      "縣市": "雲林縣",
      "觀光工廠名稱": "朝露魚舖觀光工廠",
      "地址": "雲林縣斗六市斗工六路6號",
      "觀光工廠預約電話": "05-5575989#122",
      "網址": "www.chaolou.com.tw"
    },
    {
      "序號": 97,
      "地區別": "中部",
      "縣市": "雲林縣",
      "觀光工廠名稱": "塔吉特千層蛋糕大使館",
      "地址": "雲林縣斗六市榴中里工業路118號",
      "觀光工廠預約電話": "05-5574516",
      "網址": "www.jelly.com.tw/embssy.php"
    },
    {
      "序號": 98,
      "地區別": "中部",
      "縣市": "雲林縣",
      "觀光工廠名稱": "源順芝麻觀光油廠",
      "地址": "雲林縣土庫鎮成功路1-62號",
      "觀光工廠預約電話": "05-6622574",
      "網址": "www.god-bene.com.tw/"
    },
    {
      "序號": 99,
      "地區別": "中部",
      "縣市": "雲林縣",
      "觀光工廠名稱": "福祿壽觀光酒廠",
      "地址": "雲林縣古坑鄉中山路11號",
      "觀光工廠預約電話": "05-5823106",
      "網址": "museum.fortunebrewery.com.tw"
    },
    {
      "序號": 100,
      "地區別": "中部",
      "縣市": "雲林縣",
      "觀光工廠名稱": "興隆毛巾觀光工廠",
      "地址": "雲林縣虎尾鎮埒內里84-1號",
      "觀光工廠預約電話": "05-6226008",
      "網址": "www.sltowel.com.tw"
    },
    {
      "序號": 101,
      "地區別": "南部",
      "縣市": "嘉義縣",
      "觀光工廠名稱": "月桃故事館",
      "地址": "嘉義市東區保忠一街359號",
      "觀光工廠預約電話": "05-2766399",
      "網址": "sgsh.mmweb.tw"
    },
    {
      "序號": 102,
      "地區別": "南部",
      "縣市": "嘉義縣",
      "觀光工廠名稱": "卡普秀醫美研發中心",
      "地址": "嘉義縣民雄鄉民雄工業區成功五街3號",
      "觀光工廠預約電話": "0800-520668",
      "網址": "www.facebook.com/TS.capsule"
    },
    {
      "序號": 103,
      "地區別": "南部",
      "縣市": "嘉義縣",
      "觀光工廠名稱": "卡羅爾銅管樂器觀光工廠",
      "地址": "嘉義縣大林鎮中坑里1鄰大埔美園區20路3號",
      "觀光工廠預約電話": "05-2953688",
      "網址": "www.carolbrasstourismfactory.com"
    },
    {
      "序號": 104,
      "地區別": "南部",
      "縣市": "嘉義縣",
      "觀光工廠名稱": "民雄金桔觀光工廠",
      "地址": "嘉義縣民雄鄉三興村陳厝寮7鄰38號",
      "觀光工廠預約電話": "05-2720351",
      "網址": "www.kingezi.com.tw"
    },
    {
      "序號": 105,
      "地區別": "南部",
      "縣市": "嘉義縣",
      "觀光工廠名稱": "余順豐花生觀光工廠",
      "地址": "嘉義縣東石鄉蔦松村湖底路20之28號",
      "觀光工廠預約電話": "0800-088662",
      "網址": "www.yuyuanfarm.com/"
    },
    {
      "序號": 106,
      "地區別": "南部",
      "縣市": "嘉義縣",
      "觀光工廠名稱": "梅問屋梅子元氣館",
      "地址": "嘉義縣梅山鄉中山路527號",
      "觀光工廠預約電話": "0800-606060",
      "網址": "www.plummyume.com.tw"
    },
    {
      "序號": 107,
      "地區別": "南部",
      "縣市": "嘉義縣",
      "觀光工廠名稱": "臺灣菸酒股份有限公司嘉義觀光酒廠",
      "地址": "嘉義縣民雄鄉福樂村中山路4號",
      "觀光工廠預約電話": "05-2215721",
      "網址": "event.ttl-eshop.com.tw/cy/"
    },
    {
      "序號": 108,
      "地區別": "南部",
      "縣市": "台南市",
      "觀光工廠名稱": "天一中藥生活化園區",
      "地址": "台南市官田區二鎮里工業路31號",
      "觀光工廠預約電話": "06-6985800",
      "網址": "www.itenergy.com.tw"
    },
    {
      "序號": 109,
      "地區別": "南部",
      "縣市": "台南市",
      "觀光工廠名稱": "卡多利亞良食故事館",
      "地址": "台南市後壁區後壁里42-26號",
      "觀光工廠預約電話": "06-6874762",
      "網址": "6.www.cadozea.url.tw/"
    },
    {
      "序號": 110,
      "地區別": "南部",
      "縣市": "台南市",
      "觀光工廠名稱": "台灣金屬創意館",
      "地址": "台南市永康區永科環路598號",
      "觀光工廠預約電話": "06-2030728",
      "網址": "www.tmcm-no1.com.tw"
    },
    {
      "序號": 111,
      "地區別": "南部",
      "縣市": "台南市",
      "觀光工廠名稱": "瓜瓜園地瓜生態故事館",
      "地址": "台南市新化區中正路127巷31號",
      "觀光工廠預約電話": "06-5902966",
      "網址": "www.kky.com.tw"
    },
    {
      "序號": 112,
      "地區別": "南部",
      "縣市": "台南市",
      "觀光工廠名稱": "立康中草藥產業文化館",
      "地址": "台南市永康區環工路29號",
      "觀光工廠預約電話": "06-2335356",
      "網址": "www.herbalmed.com.tw"
    },
    {
      "序號": 113,
      "地區別": "南部",
      "縣市": "台南市",
      "觀光工廠名稱": "和明織品文化館",
      "地址": "台南市七股區大埕里大埕189號(坤進廠)",
      "觀光工廠預約電話": "06-7875288",
      "網址": "www.hermin.com/hmtm/"
    },
    {
      "序號": 114,
      "地區別": "南部",
      "縣市": "台南市",
      "觀光工廠名稱": "奇美食品幸福工廠",
      "地址": "台南市仁德區機場路1008號",
      "觀光工廠預約電話": "06-2698588",
      "網址": "www.happychimei.com.tw"
    },
    {
      "序號": 115,
      "地區別": "南部",
      "縣市": "台南市",
      "觀光工廠名稱": "彼緹娃藝術蛋糕觀光工廠",
      "地址": "台南市佳里區民安里同安寮1之1號",
      "觀光工廠預約電話": "06-7236328",
      "網址": "www.beautiful-baby.com.tw/"
    },
    {
      "序號": 116,
      "地區別": "南部",
      "縣市": "台南市",
      "觀光工廠名稱": "東和蜂文化觀光工廠",
      "地址": "台南市東山區東正里1-18號",
      "觀光工廠預約電話": "06-6800773",
      "網址": "www.thbc.com.tw"
    },
    {
      "序號": 117,
      "地區別": "南部",
      "縣市": "台南市",
      "觀光工廠名稱": "美雅家具觀光工廠",
      "地址": "台南市白河區甘宅里101-1號",
      "觀光工廠預約電話": "06-6817456",
      "網址": "www.meiyafurniture.com.tw/"
    },
    {
      "序號": 118,
      "地區別": "南部",
      "縣市": "台南市",
      "觀光工廠名稱": "虹泰水凝膠世界",
      "地址": "台南市仁德區中正路3段523巷116號",
      "觀光工廠預約電話": "06-2724880",
      "網址": "www.hometech.tw"
    },
    {
      "序號": 119,
      "地區別": "南部",
      "縣市": "台南市",
      "觀光工廠名稱": "國王家族羽絨服飾觀光工廠",
      "地址": "台南市佳里區同安寮2-8號",
      "觀光工廠預約電話": "06-7213380",
      "網址": "www.kingsfamily-down.com.tw/"
    },
    {
      "序號": 120,
      "地區別": "南部",
      "縣市": "台南市",
      "觀光工廠名稱": "康那香不織布創意王國",
      "地址": "台南市將軍區三吉里三吉66之1號",
      "觀光工廠預約電話": "06-7941573",
      "網址": "www.knh.com.tw/"
    },
    {
      "序號": 121,
      "地區別": "南部",
      "縣市": "台南市",
      "觀光工廠名稱": "港香蘭綠色健康知識館",
      "地址": "台南市新市區南科一路1號",
      "觀光工廠預約電話": "06-5052505",
      "網址": "www.biotanico.com.tw"
    },
    {
      "序號": 122,
      "地區別": "南部",
      "縣市": "台南市",
      "觀光工廠名稱": "華美光學eye玩視界",
      "地址": "台南市安定區中沙里沙崙30號",
      "觀光工廠預約電話": "06-5937597#6802",
      "網址": "www.eyecol.com"
    },
    {
      "序號": 123,
      "地區別": "南部",
      "縣市": "台南市",
      "觀光工廠名稱": "黑橋牌香腸博物館",
      "地址": "台南市南區新忠路2號",
      "觀光工廠預約電話": "06-2616990",
      "網址": "www.blackbridge.com.tw/mus1.html"
    },
    {
      "序號": 124,
      "地區別": "南部",
      "縣市": "台南市",
      "觀光工廠名稱": "新百祿燕窩觀光工廠",
      "地址": "台南市南區新和路38號",
      "觀光工廠預約電話": "06-2650924",
      "網址": "www.facebook.com/sinbailu"
    },
    {
      "序號": 125,
      "地區別": "南部",
      "縣市": "台南市",
      "觀光工廠名稱": "腳的眼鏡足部科學體驗中心(紅崴觀光工廠)",
      "地址": "台南市安南區鹽田里工業一路23號1樓",
      "觀光工廠預約電話": "06-2380713#267",
      "網址": "www.goodarch2u.com/tourism/index.php"
    },
    {
      "序號": 126,
      "地區別": "南部",
      "縣市": "台南市",
      "觀光工廠名稱": "臺南．家具產業博物館",
      "地址": "台南市仁德區二仁路１段315巷50號",
      "觀光工廠預約電話": "06-2661193",
      "網址": "www.fmmit.com.tw/index.php"
    },
    {
      "序號": 127,
      "地區別": "南部",
      "縣市": "台南市",
      "觀光工廠名稱": "臺灣菸酒股份有限公司善化啤酒廠",
      "地址": "台南市善化區成功路2號",
      "觀光工廠預約電話": "06-5838511#431",
      "網址": "event.ttl-eshop.com.tw/sh/index.aspx"
    },
    {
      "序號": 128,
      "地區別": "南部",
      "縣市": "台南市",
      "觀光工廠名稱": "臺灣菸酒股份有限公司隆田觀光酒廠",
      "地址": "台南市官田區中華路一段335號",
      "觀光工廠預約電話": "06-5791311#521",
      "網址": "event.ttl-eshop.com.tw/lt/"
    },
    {
      "序號": 129,
      "地區別": "南部",
      "縣市": "台南市",
      "觀光工廠名稱": "麗豐微酵館",
      "地址": "台南市官田區二鎮里工業路48號",
      "觀光工廠預約電話": "0800-882-789",
      "網址": "www.microfer.com.tw"
    },
    {
      "序號": 130,
      "地區別": "南部",
      "縣市": "高雄市",
      "觀光工廠名稱": "FLOMO富樂夢橡皮擦觀光工廠",
      "地址": "高雄市湖內區中山路二段42號",
      "觀光工廠預約電話": "07-6996173",
      "網址": "www.flomo.com.tw/flomo/museum"
    },
    {
      "序號": 131,
      "地區別": "南部",
      "縣市": "高雄市",
      "觀光工廠名稱": "台灣滷味博物館",
      "地址": "高雄市岡山區本工一路25號",
      "觀光工廠預約電話": "07-6229800",
      "網址": "www.de-food.com.tw"
    },
    {
      "序號": 132,
      "地區別": "南部",
      "縣市": "高雄市",
      "觀光工廠名稱": "宏裕行花枝丸館",
      "地址": "高雄市前鎮區新生路240號",
      "觀光工廠預約電話": "07-8111319",
      "網址": "www.hongyu-food.com.tw/"
    },
    {
      "序號": 133,
      "地區別": "南部",
      "縣市": "高雄市",
      "觀光工廠名稱": "珍芳烏魚子見學工廠",
      "地址": "高雄市前鎮區新衙路296巷81弄13號",
      "觀光工廠預約電話": "07-8227488",
      "網址": "www.a-ten588.com.tw"
    },
    {
      "序號": 134,
      "地區別": "南部",
      "縣市": "高雄市",
      "觀光工廠名稱": "紅頂穀創穀物文創樂園",
      "地址": "高雄市左營區民族一路709號",
      "觀光工廠預約電話": "07-3460333",
      "網址": "www.redbarn709.com"
    },
    {
      "序號": 135,
      "地區別": "南部",
      "縣市": "高雄市",
      "觀光工廠名稱": "彪琥台灣鞋故事館",
      "地址": "高雄市三民區民族一路335巷43-1號",
      "觀光工廠預約電話": "07-3892246#109",
      "網址": "www.puhu.com.tw"
    },
    {
      "序號": 136,
      "地區別": "南部",
      "縣市": "高雄市",
      "觀光工廠名稱": "裕賀牛??工廠",
      "地址": "高雄市燕巢區大仁路68號",
      "觀光工廠預約電話": "07-6151606",
      "網址": "www.beefschool.com.tw"
    },
    {
      "序號": 137,
      "地區別": "南部",
      "縣市": "屏東縣",
      "觀光工廠名稱": "天明製藥農科觀光藥廠",
      "地址": "屏東縣長治鄉德和村神農路3號",
      "觀光工廠預約電話": "08-7629666",
      "網址": "www.tcmm.com.tw"
    },
    {
      "序號": 138,
      "地區別": "南部",
      "縣市": "屏東縣",
      "觀光工廠名稱": "萬寶祿酵素品牌文化館",
      "地址": "屏東縣長治鄉德和村神農路17號",
      "觀光工廠預約電話": "08-7624988",
      "網址": "www.onepower.com.tw"
    },
    {
      "序號": 139,
      "地區別": "南部",
      "縣市": "屏東縣",
      "觀光工廠名稱": "臺灣菸酒股份有限公司屏東觀光酒廠",
      "地址": "屏東縣內埔鄉建國路34號",
      "觀光工廠預約電話": "08-7781640",
      "網址": "event.ttl-eshop.com.tw/pt/"
    },
    {
      "序號": 140,
      "地區別": "南部",
      "縣市": "屏東縣",
      "觀光工廠名稱": "鮮饌道海洋食品文化館",
      "地址": "屏東縣林邊鄉成功路122號",
      "觀光工廠預約電話": "08-8752229",
      "網址": "www.jyfood.com.tw"
    },
    {
      "序號": 141,
      "地區別": "東部",
      "縣市": "台東縣",
      "觀光工廠名稱": "池上鄉農會觀光工廠金色豐收館",
      "地址": "台東縣池上鄉新興村7鄰85-6號",
      "觀光工廠預約電話": "089-865936",
      "網址": "csfa.org.tw/"
    },
    {
      "序號": 142,
      "地區別": "東部",
      "縣市": "花蓮縣",
      "觀光工廠名稱": "香又香便當調查局",
      "地址": "花蓮縣花蓮市美工路15號",
      "觀光工廠預約電話": "03-8228111",
      "網址": "www.canmorer.com/demo/bandang/"
    },
    {
      "序號": 143,
      "地區別": "東部",
      "縣市": "花蓮縣",
      "觀光工廠名稱": "臺灣菸酒股份有限公司花蓮觀光酒廠",
      "地址": "花蓮市美工路6號",
      "觀光工廠預約電話": "03-8222130",
      "網址": "event.ttl-eshop.com.tw/hl/"
    },
    {
      "序號": 144,
      "地區別": "離島",
      "縣市": "金門縣",
      "觀光工廠名稱": "陳金福號貢糖觀光工廠",
      "地址": "金門縣金城鎮東門里伯玉路一段90號",
      "觀光工廠預約電話": "082-321414",
      "網址": "www.km321414.com.tw"
    }
  ]